<?xml version="1.0" encoding="UTF-8"?>
<project xmlns="http://maven.apache.org/POM/4.0.0" xmlns:xsi="http://www.w3.org/2001/XMLSchema-instance" xsi:schemaLocation="http://maven.apache.org/POM/4.0.0 http://maven.apache.org/maven-v4_0_0.xsd">
  <modelVersion>4.0.0</modelVersion>
  <groupId>io.confluent</groupId>
  <artifactId>producer-example</artifactId>
  <version>2.1.0</version>
  <description>Kafka Java producer example</description>
  <url>http://confluent.io</url>
  <licenses>
    <license>
      <name>Apache License 2.0</name>
      <url>http://www.apache.org/licenses/LICENSE-2.0.html</url>
      <distribution>repo</distribution>
    </license>
  </licenses>
  <organization>
    <name>Confluent, Inc.</name>
    <url>http://confluent.io</url>
  </organization>
  <build>
    <plugins>
      <plugin>
        <artifactId>maven-compiler-plugin</artifactId>
        <version>3.3</version>
        <inherited>true</inherited>
        <configuration>
          <source>${java.version}</source>
          <target>${java.version}</target>
        </configuration>
      </plugin>
      <plugin>
        <groupId>org.codehaus.mojo</groupId>
        <artifactId>exec-maven-plugin</artifactId>
        <version>1.2.1</version>
        <executions>
          <execution>
            <goals>
              <goal>java</goal>
            </goals>
          </execution>
        </executions>
      </plugin>
      <plugin>
        <groupId>org.jasig.maven</groupId>
        <artifactId>maven-notice-plugin</artifactId>
        <version>1.0.6.1</version>
        <configuration>
          <licenseMapping>
            <param>../../license-mappings.xml</param>
          </licenseMapping>
        </configuration>
      </plugin>
      <plugin>
        <artifactId>maven-shade-plugin</artifactId>
        <version>${mvnshade.version}</version>
        <executions>
          <execution>
            <phase>package</phase>
            <goals>
              <goal>shade</goal>
            </goals>
            <configuration>
              <transformers>
                <transformer>
                  <mainClass>io.confluent.examples.producer.ProducerExample</mainClass>
                </transformer>
              </transformers>
            </configuration>
          </execution>
        </executions>
      </plugin>
    </plugins>
  </build>
  <repositories>
    <repository>
      <id>confluent</id>
      <url>http://packages.confluent.io/maven/</url>
    </repository>
  </repositories>
  <properties>
    <mvnshade.version>3.1.1</mvnshade.version>
    <slf4j.version>1.7.25</slf4j.version>
    <java.version>1.8</java.version>
    <project.build.sourceEncoding>UTF-8</project.build.sourceEncoding>
    <kafka.version>1.1.0</kafka.version>
  </properties>
</project>
