{
  "Assets": [
    {
                "AssetCode": "9529",
                "AssetType": "Flat Top",
                "CurrentDescription": "!!!!BRAD TEST!!!! Travelling northbound to Other with CS148 26/1, 9529 , 9645",
                "NQXLoadedStatus": "",
                "inDepotName": "",
                "inDepotTime_minutes": 0,
                "lastBatteryPercent": 94.4,
                "lastGPSTimeUTC": "26/01/2018 7:11:52 AM",
                "lastLat": -31.6361023,
                "lastLong": 116.7127274,
                "lastSpeed_kmh": 46.332,
                "lastTemperature": 41.62,
                "lastUploadTimeUTC": "26/01/2018 7:15:03 AM",
                "ownership": "WA",
                "serial": "114545",
                "tamperDetected": false,
                "tfmNumber": "41083",
                "vin": "6HJVAWAUSBSE07499",
                "Locations": [{
                                "BatteryPercent": 94.4,
                                "GPSTimeUTC": "26/01/2018 6:50:47 AM",
                                "Heading": 0,
                                "Lat": -31.6365138,
                                "Long": 116.7078078,
                                "Speed_kmh": 0.252,
                                "Temperature": 42.61,
                                "tamperDetected": false
                }, {
                                "BatteryPercent": 94.4,
                                "GPSTimeUTC": "26/01/2018 6:50:47 AM",
                                "Heading": 0,
                                "Lat": -31.6365138,
                                "Long": 116.7078078,
                                "Speed_kmh": 0.252,
                                "Temperature": 41.62,
                                "tamperDetected": false
                }, {
                                "BatteryPercent": 94.4,
                                "GPSTimeUTC": "26/01/2018 7:11:52 AM",
                                "Heading": 34,
                                "Lat": -31.6361023,
                                "Long": 116.7127274,
                                "Speed_kmh": 46.332,
                                "Temperature": 41.62,
                                "tamperDetected": false
                }]
}]
}
